zone_name,latitude,longitude,area_hectares,zone_type,operational_date,developer,location_text,region,coordinate_source,data_source
AG&P Special Economic Zone,13.787972,120.987344,40.3359,manufacturing,2008,Atlantic Gulf & Pacific Co. of Manila,"Barangay San Roque, Bauan, Batangas",REGION IV,world_bank_ciip,PEZA 1.xls + World Bank
Agrotex Gensan Economic Zone,6.143097632742106,125.15161150607109,11.0019,agro-industrial,NA,"Agrotex Commodities, Inc.","Barrio Tambler, General Santos City, Province of South Cotabato",NA,municipality_centroid,PEZA 3.xls (operating)
Alviera Industrial Park,14.1739,121.128166,31.1954,manufacturing,1999,"Nuevocentro, Inc.","Barangay Dolores and Banaba, Porac, Pampanga",REGION III,world_bank_ciip,PEZA 1.xls + World Bank
Amkor Technology Special Economic Zone,14.437571,121.047763,14.0804,manufacturing,2006,AAPI Realty Corporation,"Km. 22, East Service Road, South Super Highway, Brgy. Cupang, Muntinlupa City",NCR (6),world_bank_ciip,PEZA 1.xls + World Bank
ANFLO Special Economic Zone,14.37432,120.9343,52.5858,manufacturing,2002,ANFLO Industrial Estate Corporation,"Barangay San Vicente, Panabo City, Davao del Norte",REGION XI,world_bank_ciip,PEZA 1.xls + World Bank
Angeles Industrial Park,15.112433,120.60069,32,manufacturing,2000,"Angeles Industrial Park, Inc.","Calibutbut, Bacolor, Pampanga",REGION III,world_bank_ciip,PEZA 1.xls + World Bank
Asahi Special Economic Zone,14.37432,120.9343,28.0249,manufacturing,2002,AGC Philippine Ecozone Management Corporation,"Brgy. Pinagbuhatan, Pasig City",NCR (6),world_bank_ciip,PEZA 1.xls + World Bank
Aurora Pacific Economic Zone and Freeport,16.257615381079617,122.04155033793633,NA,freeport,NA,NA,"Casiguran, Aurora",Luzon,municipality_centroid,Wikipedia
Baguio City Economic Zone,16.380015,120.619283,116.2497,manufacturing,1980,Philippine Economic Zone Authority,"Loakan Rd., Baguio City",CAR,world_bank_ciip,PEZA 1.xls + World Bank
Balo-I Agro-Industrial Economic Zone,8.091842965106228,124.21553125617574,13.9012,agro-industrial,NA,"Balo-i Industrial, Inc.","Barangay Maria Cristina, Balo-i, Lanao del Norte",NA,municipality_centroid,PEZA 3.xls (operating)
Brooke’s Point Agro-Industrial Economic Zone,8.864759411167851,117.798479675959,5,agro-industrial,NA,FLG Management and Development Corporation,"Barangay Tubtub, Brooke’s Point, Palawan",NA,municipality_centroid,PEZA 3.xls (operating)
Bukidnon Agro-Resources Export Zone,8.371591062265587,124.88213241362648,46.17,agro-industrial,NA,Philippine Packing Management Services Corporation,"Barangay Agusan Canyon, Manolo Fortich, Bukidnon",NA,municipality_centroid,PEZA 3.xls (operating)
Cagayan Special Economic Zone,13.787972,120.987344,NA,freeport,2008,NA,"Santa Ana and Aparri, Cagayan",Luzon,world_bank_ciip,Wikipedia + World Bank
Calamba Premiere International Park,14.195641,121.133375,65.6349,manufacturing,1993,Starworld Corporation,"Batino, Parian  & Barandal ,Calamba City, Laguna",REGION IV,world_bank_ciip,PEZA 1.xls + World Bank
Candelaria Agri Special Economic Zone,14.770285,121.067748,15.1859,agro-industrial,1995,STK-Prime Real Property Development Corporation,"Barangay Mangilag Sur, Candelaria, Quezon",NA,world_bank_ciip,PEZA 3.xls (operating) + World Bank
Carmelray Industrial Park,14.212183,121.090585,99,ecozone (WB only),1994,NA,NA,EAP,world_bank_ciip,World Bank CIIP
Carmelray Industrial Park I,14.1739,121.128166,80.0337,manufacturing,1999,Carmelray Industrial Corporation,"Canlubang, Calamba City, Laguna",REGION IV,world_bank_ciip,PEZA 1.xls + World Bank
Carmelray Industrial Park II,14.1739,121.128166,143.0252,manufacturing,1999,Carmelray - JTCI Corporation,"Punta & Tulo, Calamba City, Laguna",REGION IV,world_bank_ciip,PEZA 1.xls + World Bank
Carmelray International Business Park,14.203474,121.08944,40,manufacturing,2008,Carmelray Industrial Corporation,"Canlubang, Calamba City, Laguna",REGION IV,world_bank_ciip,PEZA 1.xls + World Bank
Carmen Cebu Gum Industrial Zone,8.949646491343112,125.25396274891271,7.5992,agro-industrial,NA,Pacific Poly Gums Holdings Corporation,"Cogon West, Carmen, Cebu City",NA,municipality_centroid,PEZA 3.xls (operating)
Cavite Biofuels Ecozone,14.409098,120.869201,24.5699,agro-industrial,1984,Penwood Project Land Corporation,"Barangay Caluangan, Municipality of Magallanes, Province of Cavite",NA,world_bank_ciip,PEZA 3.xls (operating) + World Bank
Cavite Economic Zone,14.409098,120.869201,278.5066,manufacturing,1984,Philippine Economic Zone Authority,"Rosario, Cavite",REGION IV,world_bank_ciip,PEZA 1.xls + World Bank
Cavite Economic Zone II,14.416973,120.876152,53.7151,manufacturing,2010,Majestic Technical Skills Development and Landscape Corporation,"Bacao, Gen. Trias, Cavite",REGION IV,world_bank_ciip,PEZA 1.xls + World Bank
Cavite Technopark-Special Economic Zone,14.437571,121.047763,109.8606,manufacturing,2006,"Laguna Technopark, Inc.","Barangay Sabang, Naic, Cavite",REGION IV,world_bank_ciip,PEZA 1.xls + World Bank
Cebu Light Industrial Park,10.288089,123.960024,62.4888,manufacturing,1987,"Cebu Light Industrial Park, Inc.","Basak, Lapu-lapu City,  Mactan, Cebu",REGION VII,world_bank_ciip,PEZA 1.xls + World Bank
Cebu South Road Properties,10.27007,123.875589,295.6929,manufacturing,2008,City Government of Cebu,"South Reclamation Project, Cebu City",REGION VII,world_bank_ciip,PEZA 1.xls + World Bank
Central Technopark,14.273481,121.058564,300,manufacturing,1993,Luisita Industrial  Park  Corporation,"San Miguel, Tarlac",REGION III,world_bank_ciip,PEZA 1.xls + World Bank
CIIF Agro-Industrial Park,14.267516,121.002957,15.3634,manufacturing,1997,"CIIF Agro-Industrial Park, Inc.","Barangay Kiwalan, Iligan City, Lanao del Norte",REGION X,world_bank_ciip,PEZA 1.xls + World Bank
CIIF Agro-Industrial Park – Cagayan,10.11934694760951,124.27958199213467,5.4763,agro-industrial (proclaimed),NA,"CIIF Agro-Industrial Park, Inc.","Purok 3, Tablon, Cagayan de Oro City",NA,municipality_centroid,PEZA 3.xls (proclaimed)
CIIF Agro-Industrial Park – Legazpi,13.100049608371013,123.75428591471858,5.3809,agro-industrial (proclaimed),NA,"CIIF Agro-Industrial Park, Inc.","Barangay 47, Peñaranda Extension, Legaspi City, Albay",NA,municipality_centroid,PEZA 3.xls (proclaimed)
Clark Special Economic Zone,14.37432,120.9343,29365,manufacturing,2002,Clark Development Corporation,"Angeles City, Municipalities of Mabalacat and Porac, Pampanga and the Municipalities of Capas and Bamban, Tarlac",REGION III,world_bank_ciip,PEZA 1.xls + World Bank
Clark TI Special Economic Zone,14.409098,120.869201,32,manufacturing,1984,Clark Developmenr Corporation,"Clark Freeport Zone located at Angeles City and the Municipality of Mabalacat, Pampanga",REGION III,world_bank_ciip,PEZA 1.xls + World Bank
Cocochem Agro-Industrial Park,14.838646,120.462513,42,manufacturing,2006,"Cocochem Agro-Industrial Park, Inc.","San Antonio, San Pascual, Batangas",REGION IV,world_bank_ciip,PEZA 1.xls + World Bank
DADC Economic Zone,14.409098,120.869201,15,agro-industrial,1984,Darong Agricultural and Development Corp.,"Barangay Darong, Municipality of Sta. Cruz, Province of Davao del Sur",NA,world_bank_ciip,PEZA 3.xls (operating) + World Bank
Daiichi Industrial Park,14.267516,121.002957,55.02,manufacturing,1997,"Daiichi Properties and Development, Inc.","Maguyam, Silang, Cavite",REGION IV,world_bank_ciip,PEZA 1.xls + World Bank
Ecofuel Agro-Industrial Ecozone,16.87665401636118,122.15248503919454,24,agro-industrial,NA,"Ecofuel Land Development, Inc.","Sta. Filomena, San Mariano, Isabela",NA,municipality_centroid,PEZA 3.xls (operating)
EMI Special Economic Zone,14.37432,120.9343,12.1997,manufacturing,2002,"EMI-Jolou Realty, Inc.","Anabu II, Imus, Cavite",REGION IV,world_bank_ciip,PEZA 1.xls + World Bank
Filinvest Technology Park Calamba,14.185097,121.119616,51.073371,manufacturing,2002,"Filinvest Land, Inc.","Punta, Burol & Bubuyan, Calamba City,  Laguna",REGION IV,world_bank_ciip,PEZA 1.xls + World Bank
First Cavite Industrial  Estate,14.280213,120.936052,71.7723,manufacturing,1974,"First Cavite Industrial Estate, Inc.","Langkaan, Dasmariñas, Cavite",REGION IV,world_bank_ciip,PEZA 1.xls + World Bank
First Industrial Township - SEZ,11.084631997231376,124.9907460700255,66.63,manufacturing,NA,"Philippine Townships, Inc.","Trapiche, Pagaspas & Baloc-Baloc, Tanauan, Batangas",REGION IV,municipality_centroid,PEZA 1.xls
First Oriental Business & Industrial Park,7.171524,125.654719,57.26,manufacturing,2004,"First Oriental Property Ventures, Inc.","Ilang, Bunawan District, Davao City",REGION XI,world_bank_ciip,PEZA 1.xls + World Bank
First Philippine Industrial Park,14.137184,121.121124,331.8502,manufacturing,1998,"First Philippine Industrial Park, Inc.","Barangays Ulango and Laurel, Tanauan City and Sta. Anastacia,  Sto. Tomas, Batangas",REGION IV,world_bank_ciip,PEZA 1.xls + World Bank
First Philippine Industrial Park II,14.130994,121.131246,91.8259,manufacturing,2012,First Philippine Industrial Park Inc.,"Barangays Sta. Anastacia and San Rafael, Sto. Tomas, Batangas",REGION IV,world_bank_ciip,PEZA 1.xls + World Bank
Food Terminal Incorporated Special Economic Zone,14.503629,121.037742,24,manufacturing,1999,Food Terminal Incorporated,"East Service Road, Taguig City",NCR (6),world_bank_ciip,PEZA 1.xls + World Bank
Freeport Area of Bataan,14.467265555925808,120.51138784796582,NA,freeport,NA,NA,"Mariveles, Bataan",Luzon,municipality_centroid,Wikipedia
Gateway Business Park,14.261693,120.920307,110.0525,manufacturing,1995,"Gateway Property Holdings, Inc.","Javalera, Gen. Trias, Cavite",REGION IV,world_bank_ciip,PEZA 1.xls + World Bank
Gensan Economic Zone,6.060756,125.146374,46.7715,manufacturing,2014,"Damalerio Realtors, Inc.","Barangay Tambler, General Santos City",REGION XII,world_bank_ciip,PEZA 1.xls + World Bank
Golden Gate Business Park-Cavite Export Processing Zone,14.325516,121.07146,46.74915,manufacturing,2005,Just Realty Incorporated,"Brgy. Buenavista, Gen. Trias, Cavite",REGION IV,world_bank_ciip,PEZA 1.xls + World Bank
Golden Mile Business Park,14.325516,121.07146,45.0643,manufacturing,2005,Golden Mile Resources Development Corporation,"Governor's Drive, Maduya, Carmona, Cavite",REGION IV,world_bank_ciip,PEZA 1.xls + World Bank
Greenfield Automotive Park,14.262515,121.062827,65.9479,manufacturing,1998,Balibago Land Corporation,"Don Jose, Sta. Rosa City, Laguna",REGION IV,world_bank_ciip,PEZA 1.xls + World Bank
Hermosa Ecozone Industrial Park,14.838646,120.462513,142.0433,manufacturing,2006,Hermosa Ecozone Development Corp.,"Hermosa, Bataan",REGION III,world_bank_ciip,PEZA 1.xls + World Bank
Jasaan Misamis Oriental Ecozone,8.63357,124.762537,25.25,manufacturing,2001,Misamis Oriental Land Development Corporation,"Solana & Luz Banzon, Jasaan, Misamis Oriental",REGION X,world_bank_ciip,PEZA 1.xls + World Bank
Jose Panganiban SEZ,14.257269761974747,122.65809154866842,36.3515,manufacturing,NA,"CamNorte Ezone Realty, Inc.","Jose Panganiban, Camarines Norte",REGION V,municipality_centroid,PEZA 1.xls
Keppel Philippines Marine SEZ,13.800747145620747,120.96988925426822,22.92,manufacturing,NA,"Goodsoil Marine Realty, Inc.","Barangay San Miguel, Bauan, Batangas",REGION IV,municipality_centroid,PEZA 1.xls
Laguna International Industrial Park,14.286876,121.076924,34.8784,manufacturing,1993,"Laguna International Industrial Park, Inc.","Ganado & Mamplasan, Biñan City, Laguna",REGION IV,world_bank_ciip,PEZA 1.xls + World Bank
Laguna Technopark Annex,14.273481,121.058564,29,manufacturing,1993,"Laguna Technopark, Inc.","Barangay Biñan City, Biñan City, Laguna",REGION IV,world_bank_ciip,PEZA 1.xls + World Bank
Laguna Technopark SEZ,14.273481,121.058564,314.897,manufacturing,1993,"Laguna Technopark, Inc.","Biñan City and Sta. Rosa City, Laguna",REGION IV,world_bank_ciip,PEZA 1.xls + World Bank
Leyte Industrial Development Estate,10.90359,124.441844,424.7,manufacturing,1982,National Development Corporation,"Isabel, Leyte",REGION VIII,world_bank_ciip,PEZA 1.xls + World Bank
Light Industry & Science Park I,14.234071,121.100503,71.7459,manufacturing,1992,"LISP-I Locators’ Association, Inc.","Diezmo, Cabuyao, Laguna",REGION IV,world_bank_ciip,PEZA 1.xls + World Bank
Light Industry & Science Park II,14.190367,121.150944,68.0148,manufacturing,1994,"LISP-II Locators’ Association, Inc.","Real & La Mesa, Calamba City, Laguna",REGION IV,world_bank_ciip,PEZA 1.xls + World Bank
Light Industry & Science Park III,14.135334,121.151835,110.484,manufacturing,1995,RFM-Science Park of the Phils. Inc.,"San Rafael & Sta. Anastacia, Sto. Tomas, Batangas",REGION IV,world_bank_ciip,PEZA 1.xls + World Bank
Light Industry & Science Park IV,14.234071,121.100503,64.5977,manufacturing,1992,"Science Park of the Philippines, Inc.","Barangays Bulihan, Luta Sur, Luta Norte, San Fernando, San Pedro West, and Poblacion, Malvar, Batangas",REGION IV,world_bank_ciip,PEZA 1.xls + World Bank
Lima Technology Center,14.015143,121.173731,429.9686,manufacturing,1996,"Lima Land, Inc.","San Lucas, Bugtong na Pulo & Inosluban, Lipa City and Santiago & Payapa, Malvar, Batangas",REGION IV,world_bank_ciip,PEZA 1.xls + World Bank
Luisita Industrial Park,10.474875,123.694197,29.4,manufacturing,1998,Luisita Realty Corporation,"San Miguel, Tarlac",REGION III,world_bank_ciip,PEZA 1.xls + World Bank
MacroAsia Ecozone,10.513087,123.42052,22.6915,manufacturing,2009,Macroasia Properties Development Corporation,"Nichols Field, NAIA, Pasay City",NCR (6),world_bank_ciip,PEZA 1.xls + World Bank
Mactan Economic Zone,10.327683,123.983892,119.3669,manufacturing,1986,Philippine Economic Zone Authority,"Lapu-Lapu City, Mactan, Cebu",REGION VII,world_bank_ciip,PEZA 1.xls + World Bank
Mactan Ecozone II,10.303048,123.965229,63.3,manufacturing,1989,"Aboitiz Land, Inc.","Basak, Lapu-lapu City Mactan, Cebu",REGION VII,world_bank_ciip,PEZA 1.xls + World Bank
Mactan Export Processing Zone,10.289747954689417,123.99157768438272,NA,freeport,NA,NA,Lapu-Lapu City,Visayas,municipality_centroid,Wikipedia
Manila Harbour Center,14.713799994604255,120.92666796823136,79.1485,manufacturing,NA,"R-II Builders, Inc.","Tondo, Manila",NCR (6),municipality_centroid,PEZA 1.xls
Manticao Ecozone Corporation SEZ,8.374138140133839,124.34867020084252,28.8937,manufacturing,NA,Manticao Ecozone Corporation,"Barangay Poblacion, Manticao, Misamis Oriental",REGION X,municipality_centroid,PEZA 1.xls
MRI Ecozone,10.53374530393861,123.9603184023173,28.2927,manufacturing,NA,"Mitsumi Realty, Inc.","Sabang, Danao City, Cebu",REGION VII,municipality_centroid,PEZA 1.xls
New Cebu Township,10.261837,123.752424,86.1618,manufacturing,1997,"MRC Allied Industries, Inc.","Cantao-an, Naga, Cebu",REGION VII,world_bank_ciip,PEZA 1.xls + World Bank
North Negros Agro-Industrial Export Processing Zone,10.85043039416477,123.39390325973702,20,agro-industrial (proclaimed),NA,"City Government of Sagay, Negros Occidental","Barangay Paraiso, Sagay City, Negros Occidental",NA,municipality_centroid,PEZA 3.xls (proclaimed)
Pampanga Economic Zone,15.167477,120.613744,34.7943,manufacturing,2012,Philippine Economic Zone Authority,"Barangay Pulong Maragul, Angeles City, Pampanga",REGION III,world_bank_ciip,PEZA 1.xls + World Bank
Pangasinan Industrial Park II,13.729554589455761,120.91297846006533,26.5038,manufacturing,NA,ASEA One Corporation,"Alos, Alaminos, Pangasinan & Tagudin, Mabini, Pangasinan",REGION I,municipality_centroid,PEZA 1.xls
People's Technology Complex,14.320097,121.056543,58.9893,manufacturing,1998,"People's Techonology Complex Asso., Inc.","Maduya, Carmona, Cavite",REGION IV,world_bank_ciip,PEZA 1.xls + World Bank
Philippine Packing Agricultural Export Processing Zone,18.47081401593174,120.65574119764933,27,agro-industrial,NA,Philippine Packing Management Services Corporation,"Bugo, Cagayan De Oro City",NA,municipality_centroid,PEZA 3.xls (operating)
Phividec Industrial Estate-Economic Zone,8.528509,124.756555,3000,manufacturing,1974,Phividec Industrial Authority,"Municipalities of Villanueva and Tagoloan, Misamis Oriental",REGION X,world_bank_ciip,PEZA 1.xls + World Bank
Plastic Processing Center SEZ,14.467265555925808,120.51138784796582,26.015,manufacturing,NA,Diversified Ecozone Corporation,"Alion and Cabcaben,  Mariveles, Bataan",REGION III,municipality_centroid,PEZA 1.xls
Polloc Free Port and Economic Zone,7.350576657177791,124.26113356692723,NA,freeport,NA,NA,"Parang, Maguindanao del Norte",Mindanao,municipality_centroid,Wikipedia
Poro Point Freeport Zone,7.807026913728018,125.35831460681736,NA,freeport,NA,NA,"San Fernando, La Union",Luzon,municipality_centroid,Wikipedia
Rio Tuba Export Processing Zone,8.57548789608385,117.41929107651951,423.9518,manufacturing,NA,Rio Tuba Nickel Mining Corporation,"Brgy. Rio Tuba, Bataraza, Palawan",REGION IV,municipality_centroid,PEZA 1.xls
Samar Agro-Industrial Economic Zone,12.19266788616886,124.58861780320974,7.261,agro-industrial,NA,Hi Best Property Developer Corporation,"Barangay Malajog, Tinambacan District, Calbayog City, Western Samar",NA,municipality_centroid,PEZA 3.xls (operating)
San Carlos Ecozone,10.513087,123.42052,25.7854,agro-industrial,2009,"San Julio Realty, Inc","Palampas & Punao, San Carlos City, Negros Occidental",NA,world_bank_ciip,PEZA 3.xls (operating) + World Bank
San Carlos Ecozone II,10.513087,123.42052,39.3573,manufacturing,2009,"San Julio Realty, Inc","Barangay Palampas, San Carlos City, Negros Occidental",REGION VI,world_bank_ciip,PEZA 1.xls + World Bank
Sarangani Economic Development Zone,6.060756,125.146374,72.8673,agro-industrial,2014,Sarangani Resources Corporation,"Cannery, Polomolok, South Cotabato",NA,world_bank_ciip,PEZA 3.xls (operating) + World Bank
SMPIC Special Economic Zone,14.37432,120.9343,3.3099,manufacturing,2002,"Taurus First Properties, Inc.","Barangay Paciano Rizal, Calamba City, Laguna",REGION IV,world_bank_ciip,PEZA 1.xls + World Bank
SRC Allah Valley Economic Development Zone,6.3172874851039,124.72386288316018,56.0958,agro-industrial,NA,Sarangani Resources Corporation,"Tubi-allah, Surallah, South Cotabato",NA,municipality_centroid,PEZA 3.xls (operating)
SRC Calumpang Economic Development Zone,14.892665662489557,120.77963187785392,18.6738,agro-industrial,NA,Sarangani Resources Corporation,"Calumpang, General Santos City",NA,municipality_centroid,PEZA 3.xls (operating)
Sta. Maria Industrial Park,14.845946,121.013091,62.7846,manufacturing,2006,Sta. Maria Industrial Park Corp.,"Bulac, Sta. Maria, Bulacan",REGION III,world_bank_ciip,PEZA 1.xls + World Bank
Subic Shipyard Special Economic  Zone,14.881544,120.224833,76.59,manufacturing,1989,"Consort Land, Inc.","Cabaangan Point, Subic, Zambales",REGION III,world_bank_ciip,PEZA 1.xls + World Bank
Suntrust Ecotown Tanza,14.354331,120.831649,116.2244,manufacturing,2013,"Suntrust Ecotown Developers, Inc.","Sahud-Ulan, Tanza, Cavite",REGION IV,world_bank_ciip,PEZA 1.xls + World Bank
Tabangao Special Economic Zone,13.787972,120.987344,86,manufacturing,2008,"Shellgas Philippines, Inc.","Tabangao,  Batangas",REGION IV,world_bank_ciip,PEZA 1.xls + World Bank
Taganito Special Economic Zone,13.787972,120.987344,687.50942,manufacturing,2008,Taganito Mining Corporation,"Barangays Cagdianao, Hayanggabon, and Taganito, Municipality of Claver, Province of Surigao Del Norte",CARAGA,world_bank_ciip,PEZA 1.xls + World Bank
TECO Industrial Park,15.23537,120.609589,139.8666,manufacturing,2004,TIPCO Estates Corporation,"Bundagul and Paralayunan, Mabalacat, Pampanga",REGION III,world_bank_ciip,PEZA 1.xls + World Bank
Toyota Sta. Rosa (Laguna)  SEZ,14.27319,121.077532,81.67,manufacturing,1995,Toyota Motors Philippines Corporation,"Pulong Sta. Cruz, Sta. Rosa City, Laguna",REGION IV,world_bank_ciip,PEZA 1.xls + World Bank
UPLB Agro-Industial Park,15.112433,120.60069,69.9998,agro-industrial (proclaimed),2000,University of the Philippines Los Baños,"University of the Philippines, Los Baños, Laguna",NA,world_bank_ciip,PEZA 3.xls (proclaimed) + World Bank
Valencia Special Economic Zone,14.770285,121.067748,4.3252,agro-industrial,1995,"Municipal Government of Valencia, Negros Oriental","Barangay Palinpinon, Municipality of Valencia, Province of Negros Oriental",NA,world_bank_ciip,PEZA 3.xls (operating) + World Bank
Victoria Wave Special Economic Zone,14.770285,121.067748,50,manufacturing,1995,"Victoria Wave Ltd., Inc.","Malaria, Caloocan City",NCR (6),world_bank_ciip,PEZA 1.xls + World Bank
West Cebu Industrial Park,10.474875,123.694197,169.9214,manufacturing,1998,"Cebu Industrial Park Developers, Inc.","Arpili & Bunoy, Balamban, Cebu",REGION VII,world_bank_ciip,PEZA 1.xls + World Bank
YTMI Realty Special Economic Zone,14.37432,120.9343,20.6596,manufacturing,2002,YTMI Realty Corporation,"Brgy. Makiling, Calamba City, Laguna",REGION IV,world_bank_ciip,PEZA 1.xls + World Bank
Zamboanga City Special Economic Zone,14.881544,120.224833,NA,freeport,1989,NA,Zamboanga City,Mindanao,world_bank_ciip,Wikipedia + World Bank
